Date,Region,Salesperson,Product,Units_Sold,Unit_Price,Revenue
4/12/2024,North,Sneha,Laptop,3,21199,63597
3/11/2025,North,Amit,Tablet,8,77827,622616
5/10/2026,East,Sneha,Phone,15,5112,76680
9/27/2024,West,Karan,Accessory,7,24581,172067
4/16/2024,North,Neha,Phone,6,64722,388332
3/12/2024,South,Sneha,Phone,9,21523,193707
12/1/2025,North,Neha,Phone,1,71960,71960
1/21/2024,South,Karan,Phone,8,24552,196416
9/6/2025,West,Amit,Tablet,3,15808,47424
5/1/2024,East,Rahul,Accessory,4,77525,310100
4/11/2025,North,Sneha,Tablet,15,28620,429300
8/2/2024,East,Rahul,Accessory,6,5887,35322
11/26/2024,North,Karan,Phone,15,36802,552030
4/3/2025,South,Sneha,Laptop,3,31049,93147
3/28/2024,East,Neha,Tablet,14,12846,179844
1/7/2025,North,Priya,Laptop,14,51220,717080
4/9/2024,South,Rahul,Tablet,4,51163,204652
5/21/2026,East,Sneha,Phone,12,8765,105180
10/25/2025,East,Rahul,Tablet,17,50270,854590
5/10/2024,North,Sneha,Phone,7,27931,195517
10/23/2025,North,Amit,Tablet,9,60633,545697
11/4/2024,North,Neha,Phone,3,56913,170739
2/8/2026,South,Rahul,Phone,13,30991,402883
12/9/2024,North,Priya,Accessory,15,59845,897675
5/6/2025,East,Priya,Phone,18,60312,1085616
2/17/2025,East,Karan,Accessory,19,15561,295659
3/16/2026,North,Sneha,Phone,1,21901,21901
1/20/2025,North,Rahul,Laptop,6,67875,407250
7/10/2024,West,Karan,Phone,2,30917,61834
8/13/2026,East,Rahul,Laptop,14,67120,939680
10/3/2024,South,Sneha,Laptop,6,6988,41928
6/9/2024,West,Priya,Phone,14,19256,269584
4/4/2025,North,Amit,Laptop,4,33230,132920
11/9/2024,North,Priya,Accessory,8,64778,518224
1/22/2024,East,Karan,Tablet,3,50833,152499
9/9/2024,North,Neha,Phone,19,27625,524875
1/17/2026,South,Amit,Laptop,14,37088,519232
5/6/2026,East,Karan,Phone,17,46167,784839
7/14/2025,North,Sneha,Accessory,8,76291,610328
4/19/2025,East,Amit,Phone,14,70303,984242
2/28/2024,North,Karan,Phone,6,9117,54702
5/25/2025,North,Sneha,Laptop,16,65710,1051360
11/12/2025,North,Priya,Accessory,19,72054,1369026
4/20/2025,South,Neha,Tablet,14,35949,503286
11/30/2025,South,Sneha,Tablet,19,27547,523393
9/2/2026,East,Rahul,Laptop,3,73136,219408
2/21/2026,North,Sneha,Phone,10,69619,696190
7/8/2024,North,Sneha,Laptop,19,66842,1269998
8/15/2026,South,Neha,Laptop,9,31990,287910
11/17/2025,North,Rahul,Laptop,13,21193,275509
8/15/2026,South,Karan,Phone,7,35109,245763
7/16/2025,North,Karan,Accessory,14,24233,339262
5/25/2026,East,Sneha,Laptop,9,39510,355590
7/20/2025,North,Rahul,Phone,19,6306,119814
8/31/2024,North,Rahul,Accessory,15,8849,132735
4/11/2026,West,Neha,Laptop,14,17360,243040
5/19/2025,South,Priya,Tablet,6,50800,304800
5/10/2024,North,Karan,Accessory,4,41963,167852
4/29/2025,North,Neha,Laptop,8,59330,474640
3/29/2026,West,Amit,Accessory,17,56707,964019
10/8/2025,West,Karan,Accessory,9,23689,213201
1/21/2024,South,Neha,Accessory,1,34084,34084
4/20/2026,West,Karan,Accessory,14,45387,635418
6/15/2024,East,Priya,Accessory,11,79816,877976
9/30/2024,West,Amit,Accessory,3,7642,22926
1/22/2025,East,Priya,Laptop,9,47137,424233
8/23/2025,South,Amit,Tablet,14,60561,847854
11/11/2024,South,Sneha,Phone,9,67260,605340
1/14/2024,South,Neha,Accessory,4,20438,81752
8/29/2024,South,Amit,Phone,4,53442,213768
2/15/2026,South,Priya,Laptop,8,7994,63952
12/11/2024,East,Karan,Accessory,2,6813,13626
7/18/2025,East,Amit,Tablet,9,60276,542484
6/16/2026,South,Neha,Phone,14,46243,647402
12/5/2024,West,Amit,Accessory,9,67912,611208
4/1/2024,North,Rahul,Laptop,16,65272,1044352
1/1/2025,South,Karan,Tablet,17,47051,799867
8/13/2026,West,Neha,Phone,16,70618,1129888
3/30/2025,North,Neha,Phone,12,6920,83040
3/3/2025,South,Sneha,Accessory,3,7093,21279
5/23/2025,South,Priya,Tablet,11,17905,196955
2/14/2026,East,Sneha,Tablet,14,29351,410914
7/31/2026,North,Neha,Tablet,18,35981,647658
2/4/2024,North,Karan,Tablet,5,78903,394515
7/24/2024,West,Amit,Laptop,16,75821,1213136
3/21/2024,East,Amit,Tablet,5,24874,124370
7/20/2026,East,Karan,Phone,3,55931,167793
7/15/2025,East,Neha,Phone,12,12674,152088
5/21/2026,East,Amit,Laptop,1,55516,55516
1/22/2025,North,Amit,Phone,9,65686,591174
1/2/2024,North,Amit,Phone,9,74212,667908
1/24/2025,South,Priya,Tablet,4,7426,29704
7/19/2025,South,Priya,Phone,3,73498,220494
4/15/2024,East,Rahul,Laptop,17,34943,594031
2/10/2026,East,Sneha,Tablet,2,71395,142790
4/1/2026,East,Karan,Accessory,1,49816,49816
4/21/2025,South,Karan,Tablet,8,9138,73104
12/3/2025,West,Karan,Laptop,13,9017,117221
2/5/2025,West,Rahul,Tablet,15,15451,231765
12/30/2025,South,Priya,Tablet,8,67956,543648
7/9/2025,South,Neha,Laptop,12,15278,183336
6/10/2024,South,Neha,Tablet,12,48764,585168
7/20/2024,South,Rahul,Laptop,14,6134,85876
8/15/2026,South,Neha,Laptop,15,67943,1019145
9/22/2026,South,Karan,Accessory,15,59318,889770
9/26/2024,East,Sneha,Phone,9,65128,586152
5/12/2026,East,Amit,Phone,19,26869,510511
3/26/2026,East,Priya,Tablet,8,10039,80312
9/27/2024,East,Priya,Tablet,19,26281,499339
3/31/2025,South,Rahul,Accessory,6,15442,92652
4/6/2025,West,Priya,Accessory,19,78788,1496972
12/27/2025,North,Karan,Accessory,4,32586,130344
9/8/2024,South,Neha,Laptop,7,58053,406371
12/2/2025,North,Karan,Accessory,4,55489,221956
10/22/2024,West,Rahul,Accessory,12,72087,865044
12/25/2025,East,Karan,Tablet,13,17625,229125
12/20/2025,West,Neha,Accessory,3,39397,118191
1/18/2026,South,Sneha,Laptop,12,63671,764052
12/3/2024,East,Rahul,Laptop,2,71897,143794
5/28/2026,South,Sneha,Tablet,2,31149,62298
2/22/2024,East,Amit,Accessory,9,65030,585270
3/2/2026,North,Sneha,Accessory,1,74906,74906
7/10/2026,North,Amit,Laptop,8,10283,82264
8/4/2024,North,Amit,Accessory,6,12610,75660
2/2/2026,West,Sneha,Accessory,6,48326,289956
7/6/2024,South,Rahul,Accessory,18,19924,358632
1/14/2025,West,Neha,Phone,17,5869,99773
5/7/2025,North,Karan,Tablet,12,6014,72168
2/10/2024,South,Karan,Phone,6,15103,90618
6/5/2024,North,Neha,Tablet,8,38458,307664
1/15/2024,West,Amit,Laptop,19,28248,536712
3/23/2026,West,Amit,Accessory,10,48516,485160
3/5/2024,West,Rahul,Tablet,1,34061,34061
5/6/2026,North,Priya,Phone,13,29170,379210
4/18/2026,South,Sneha,Accessory,17,13024,221408
6/4/2025,South,Amit,Laptop,3,48803,146409
12/9/2024,North,Karan,Tablet,8,24296,194368
5/8/2024,South,Rahul,Tablet,14,23257,325598
10/9/2025,North,Sneha,Tablet,3,17855,53565
4/16/2025,South,Rahul,Accessory,16,25025,400400
3/3/2024,East,Sneha,Phone,13,9458,122954
5/18/2024,East,Sneha,Phone,17,68610,1166370
5/13/2025,West,Neha,Tablet,13,75843,985959
8/15/2025,East,Amit,Laptop,6,54831,328986
1/26/2025,East,Rahul,Laptop,17,48427,823259
11/5/2025,East,Rahul,Phone,14,43506,609084
2/22/2025,North,Neha,Laptop,17,10668,181356
10/15/2024,East,Karan,Phone,8,52195,417560
1/13/2025,East,Karan,Tablet,11,78233,860563
2/11/2026,West,Amit,Phone,1,29417,29417
5/4/2025,East,Amit,Phone,7,15751,110257
8/18/2024,East,Priya,Tablet,17,51218,870706
2/10/2024,South,Neha,Laptop,10,12352,123520
1/28/2024,West,Karan,Phone,11,33927,373197
5/14/2024,West,Sneha,Phone,9,46094,414846
7/19/2024,West,Rahul,Tablet,9,59122,532098
4/19/2026,West,Amit,Laptop,5,34493,172465
2/18/2026,West,Rahul,Phone,17,78539,1335163
7/18/2026,West,Rahul,Tablet,9,36707,330363
2/2/2024,North,Priya,Phone,17,73814,1254838
2/17/2024,East,Karan,Accessory,19,12296,233624
5/17/2025,West,Amit,Tablet,7,30398,212786
2/10/2025,East,Rahul,Laptop,9,40842,367578
7/27/2025,East,Amit,Laptop,7,18261,127827
12/28/2025,North,Sneha,Laptop,13,61704,802152
3/15/2026,West,Priya,Laptop,11,72173,793903
4/8/2024,South,Sneha,Phone,14,36781,514934
11/14/2025,North,Amit,Phone,19,18652,354388
5/21/2026,South,Amit,Laptop,11,10103,111133
12/26/2025,East,Karan,Laptop,13,30500,396500
9/13/2026,East,Rahul,Laptop,14,40529,567406
6/30/2025,North,Rahul,Phone,13,23452,304876
8/18/2026,North,Sneha,Laptop,1,54393,54393
1/8/2026,South,Priya,Laptop,8,36174,289392
9/4/2025,West,Neha,Accessory,12,69450,833400
7/31/2026,South,Rahul,Accessory,19,40436,768284
4/6/2025,North,Karan,Laptop,12,52406,628872
10/4/2025,South,Sneha,Tablet,8,68059,544472
2/7/2026,North,Sneha,Laptop,8,20954,167632
1/5/2024,South,Neha,Accessory,13,17356,225628
8/5/2024,North,Karan,Tablet,12,7187,86244
5/17/2025,North,Priya,Tablet,16,40098,641568
2/5/2026,North,Karan,Laptop,1,26225,26225
2/1/2025,West,Priya,Accessory,13,8606,111878
5/20/2026,South,Karan,Accessory,7,62620,438340
3/5/2026,South,Karan,Tablet,5,37828,189140
1/27/2025,South,Amit,Laptop,8,31489,251912
7/25/2024,North,Sneha,Phone,14,19387,271418
1/15/2024,South,Karan,Phone,13,74463,968019
5/7/2026,South,Neha,Accessory,15,76832,1152480
7/7/2025,North,Karan,Phone,17,7591,129047
6/10/2026,East,Rahul,Accessory,15,53516,802740
4/5/2025,North,Sneha,Accessory,18,67061,1207098
11/21/2025,South,Rahul,Accessory,18,71736,1291248
7/28/2025,North,Sneha,Phone,2,66753,133506
5/13/2026,East,Rahul,Accessory,4,16087,64348
1/12/2026,North,Karan,Tablet,1,35816,35816
8/28/2024,South,Karan,Laptop,4,28408,113632
7/17/2025,East,Amit,Laptop,18,5136,92448
4/5/2024,West,Neha,Accessory,5,22413,112065
6/18/2026,South,Rahul,Laptop,19,64500,1225500
1/3/2026,East,Priya,Phone,15,61358,920370
4/29/2025,East,Amit,Phone,8,71197,569576
2/10/2025,West,Rahul,Laptop,17,37854,643518
8/18/2024,North,Rahul,Phone,1,21322,21322
1/18/2026,North,Amit,Laptop,12,11968,143616
10/16/2025,South,Karan,Laptop,19,32518,617842
6/19/2024,West,Rahul,Laptop,15,56925,853875
6/24/2025,North,Karan,Accessory,9,64848,583632
2/5/2024,West,Amit,Laptop,7,6700,46900
6/8/2025,North,Karan,Accessory,2,28199,56398
6/8/2024,East,Sneha,Laptop,9,49589,446301
4/18/2026,North,Priya,Laptop,10,37115,371150
11/29/2025,West,Rahul,Laptop,2,66934,133868
8/30/2024,East,Neha,Phone,19,59316,1127004
3/26/2024,East,Priya,Accessory,11,10520,115720
3/6/2026,East,Karan,Accessory,13,41455,538915
7/31/2025,West,Rahul,Laptop,10,46605,466050
11/12/2025,South,Karan,Laptop,14,19955,279370
7/10/2025,South,Sneha,Phone,18,49049,882882
7/27/2025,South,Amit,Phone,19,18917,359423
8/10/2026,West,Rahul,Phone,9,75293,677637
10/7/2025,East,Sneha,Accessory,7,69925,489475
3/6/2026,South,Sneha,Accessory,3,75269,225807
1/28/2024,West,Rahul,Accessory,6,35954,215724
9/11/2025,South,Karan,Laptop,2,77617,155234
7/9/2025,North,Neha,Accessory,6,46458,278748
12/5/2024,South,Sneha,Tablet,3,26113,78339
3/8/2026,South,Priya,Tablet,16,48939,783024
8/15/2026,East,Sneha,Phone,8,34345,274760
11/26/2024,West,Neha,Accessory,2,51313,102626
10/1/2025,East,Karan,Tablet,17,74166,1260822
5/20/2025,East,Karan,Phone,9,52861,475749
12/13/2024,East,Priya,Accessory,12,54298,651576
4/17/2025,East,Sneha,Laptop,3,52221,156663
8/18/2024,East,Karan,Tablet,11,49942,549362
7/8/2024,South,Neha,Laptop,1,8453,8453
8/12/2024,East,Rahul,Accessory,13,59935,779155
1/19/2025,East,Amit,Tablet,15,48370,725550
1/11/2025,West,Amit,Accessory,5,13328,66640
10/9/2024,North,Amit,Laptop,17,20534,349078
8/15/2026,South,Sneha,Tablet,6,41320,247920
9/24/2025,South,Priya,Laptop,11,54170,595870
9/19/2025,South,Karan,Accessory,18,13640,245520
8/30/2026,East,Rahul,Accessory,4,35049,140196
1/14/2026,East,Neha,Laptop,3,10618,31854
9/15/2024,East,Rahul,Tablet,13,61053,793689
12/24/2024,West,Neha,Laptop,9,6920,62280
12/10/2025,North,Sneha,Accessory,6,48937,293622
3/31/2025,East,Amit,Laptop,12,74724,896688
2/14/2025,North,Sneha,Accessory,2,17207,34414
10/10/2025,West,Priya,Laptop,3,70774,212322
11/13/2024,South,Priya,Tablet,3,37972,113916
11/7/2025,East,Neha,Tablet,12,15799,189588
8/12/2024,North,Karan,Laptop,15,76088,1141320
3/29/2026,North,Karan,Laptop,9,33916,305244
8/21/2024,East,Neha,Tablet,8,75463,603704
11/14/2025,South,Priya,Accessory,11,42158,463738
10/25/2025,South,Priya,Tablet,16,76696,1227136
9/1/2026,South,Priya,Accessory,4,66510,266040
4/6/2026,West,Sneha,Laptop,1,63692,63692
1/8/2025,North,Priya,Laptop,7,66744,467208
11/2/2025,North,Rahul,Accessory,2,20810,41620
8/30/2025,North,Amit,Laptop,5,10126,50630
4/16/2025,West,Priya,Accessory,7,35009,245063
8/20/2024,North,Neha,Phone,4,5192,20768
11/22/2025,West,Amit,Tablet,5,41413,207065
4/22/2024,South,Sneha,Phone,1,17816,17816
4/9/2026,East,Neha,Accessory,1,44082,44082
5/11/2025,North,Amit,Tablet,15,70048,1050720
3/17/2025,North,Neha,Accessory,19,55940,1062860
7/17/2025,South,Sneha,Tablet,10,37130,371300
9/24/2024,East,Rahul,Tablet,18,45142,812556
5/24/2025,West,Sneha,Tablet,3,41468,124404
3/17/2026,East,Sneha,Tablet,11,35698,392678
1/20/2025,South,Neha,Accessory,15,15655,234825
1/21/2025,South,Karan,Tablet,11,52897,581867
4/22/2024,East,Priya,Tablet,17,35075,596275
9/4/2025,West,Priya,Phone,17,14359,244103
9/16/2025,West,Rahul,Laptop,6,47056,282336
8/9/2026,North,Rahul,Laptop,5,56831,284155
3/21/2024,West,Priya,Phone,8,64191,513528
11/29/2025,East,Karan,Phone,2,38272,76544
4/22/2024,South,Priya,Accessory,16,19671,314736
1/2/2024,North,Karan,Accessory,12,32048,384576
10/3/2025,North,Rahul,Accessory,6,30963,185778
8/7/2024,South,Amit,Phone,1,48954,48954
7/19/2025,West,Neha,Phone,4,77309,309236
5/4/2026,South,Rahul,Tablet,17,5717,97189
9/23/2026,West,Rahul,Accessory,13,16676,216788
1/5/2026,South,Sneha,Accessory,18,9434,169812
8/12/2024,East,Sneha,Accessory,5,54810,274050
1/19/2025,West,Sneha,Laptop,3,9994,29982
2/6/2025,East,Neha,Tablet,11,9234,101574
9/29/2025,North,Sneha,Accessory,13,74300,965900
5/9/2024,South,Karan,Accessory,4,48949,195796
2/22/2024,North,Priya,Accessory,14,42405,593670
11/14/2025,North,Amit,Laptop,11,39872,438592
12/30/2025,North,Rahul,Laptop,10,47215,472150
11/2/2025,North,Karan,Phone,19,28185,535515
12/10/2025,South,Amit,Tablet,18,48442,871956
2/19/2025,North,Karan,Phone,6,56759,340554
9/3/2024,South,Karan,Tablet,15,46153,692295
4/15/2026,South,Rahul,Laptop,10,7581,75810
3/14/2025,East,Priya,Accessory,5,56717,283585
7/21/2024,West,Sneha,Phone,5,7763,38815
7/2/2024,West,Neha,Accessory,10,60480,604800
5/2/2024,South,Priya,Phone,5,43759,218795
2/4/2025,East,Neha,Laptop,3,30307,90921
2/5/2026,South,Rahul,Laptop,6,16064,96384
10/20/2024,South,Rahul,Laptop,4,42548,170192
10/6/2024,South,Rahul,Phone,18,41945,755010
4/16/2026,East,Amit,Tablet,9,52937,476433
6/2/2026,West,Neha,Phone,17,11476,195092
9/1/2025,East,Priya,Tablet,13,56756,737828
7/16/2024,North,Priya,Phone,15,7382,110730
9/8/2026,East,Karan,Phone,17,54683,929611
6/25/2026,East,Karan,Laptop,13,50276,653588
5/25/2025,East,Karan,Accessory,16,38402,614432
1/21/2026,East,Rahul,Accessory,4,31946,127784
5/23/2024,West,Priya,Tablet,5,78933,394665
8/31/2025,North,Neha,Accessory,5,27335,136675
7/19/2024,West,Rahul,Phone,9,50095,450855
5/3/2024,West,Amit,Phone,17,32197,547349
7/5/2024,East,Karan,Laptop,13,27010,351130
11/21/2024,South,Rahul,Laptop,2,29123,58246
4/8/2025,South,Rahul,Accessory,13,7890,102570
12/14/2024,West,Amit,Tablet,19,13026,247494
2/9/2026,West,Sneha,Accessory,3,69925,209775
10/21/2025,East,Priya,Accessory,10,73842,738420
2/2/2026,West,Neha,Accessory,2,38665,77330
8/12/2026,East,Sneha,Accessory,13,14277,185601
7/20/2026,South,Karan,Phone,19,47239,897541
2/6/2025,South,Rahul,Tablet,17,52664,895288
12/11/2024,North,Amit,Phone,14,53008,742112
8/20/2026,South,Amit,Tablet,12,19683,236196
5/25/2025,West,Priya,Laptop,12,5670,68040
5/26/2024,South,Sneha,Accessory,11,22889,251779
5/27/2024,East,Priya,Phone,7,60612,424284
5/13/2026,South,Rahul,Tablet,4,49535,198140
12/11/2025,North,Priya,Laptop,19,59319,1127061
3/30/2026,South,Neha,Laptop,1,26639,26639
5/3/2025,East,Amit,Accessory,3,69712,209136
7/17/2026,East,Amit,Tablet,13,21633,281229
7/24/2026,West,Karan,Phone,15,39660,594900
10/1/2025,South,Karan,Accessory,2,73975,147950
7/4/2025,East,Rahul,Phone,11,37172,408892
12/3/2024,North,Neha,Laptop,4,64197,256788
5/21/2026,West,Sneha,Phone,19,63847,1213093
10/2/2025,North,Priya,Phone,17,16577,281809
2/17/2026,South,Rahul,Accessory,3,25176,75528
9/14/2026,South,Karan,Phone,18,49386,888948
8/10/2026,South,Priya,Accessory,8,68972,551776
4/17/2025,West,Karan,Laptop,19,46003,874057
8/3/2026,East,Priya,Accessory,5,24996,124980
5/30/2024,West,Sneha,Accessory,7,40931,286517
2/18/2025,North,Rahul,Tablet,8,40710,325680
9/16/2026,West,Priya,Phone,5,39693,198465
10/24/2024,North,Neha,Laptop,17,40740,692580
9/2/2025,West,Amit,Accessory,5,22374,111870
9/19/2024,East,Neha,Laptop,4,50913,203652
2/2/2026,North,Neha,Tablet,19,71025,1349475
5/23/2024,South,Amit,Phone,2,49516,99032
12/11/2024,South,Neha,Accessory,11,31069,341759
9/15/2025,West,Priya,Phone,13,61233,796029
7/25/2025,South,Priya,Tablet,15,64049,960735
5/30/2026,North,Priya,Tablet,12,44178,530136
1/2/2024,South,Amit,Laptop,11,37821,416031
6/15/2026,East,Neha,Accessory,7,56727,397089
10/30/2024,East,Amit,Laptop,5,65935,329675
9/10/2024,West,Priya,Tablet,17,21999,373983
10/13/2025,North,Neha,Phone,9,67522,607698
3/28/2025,East,Neha,Laptop,14,43712,611968
2/6/2024,East,Karan,Laptop,12,69551,834612
6/8/2024,North,Karan,Phone,6,45172,271032
1/9/2024,South,Sneha,Laptop,17,38722,658274
8/20/2024,South,Rahul,Phone,19,15625,296875
4/8/2024,West,Karan,Accessory,19,72165,1371135
10/20/2025,South,Amit,Phone,16,11859,189744
3/26/2026,North,Karan,Accessory,12,46609,559308
7/26/2024,East,Sneha,Phone,12,48307,579684
5/10/2024,South,Neha,Tablet,6,26839,161034
2/7/2025,West,Sneha,Tablet,4,32216,128864
5/31/2024,South,Neha,Accessory,6,57953,347718
2/23/2024,North,Neha,Accessory,11,65593,721523
4/29/2024,West,Rahul,Tablet,1,77075,77075
11/3/2025,South,Karan,Accessory,15,54522,817830
7/8/2026,West,Amit,Phone,11,9886,108746
9/19/2025,North,Amit,Phone,19,12485,237215
8/9/2025,East,Priya,Tablet,18,36455,656190
9/16/2025,North,Neha,Laptop,17,21767,370039
8/25/2026,North,Amit,Phone,19,33453,635607
2/23/2025,North,Rahul,Accessory,14,58442,818188
2/25/2025,North,Neha,Laptop,18,56877,1023786
4/13/2024,East,Rahul,Laptop,19,17226,327294
5/1/2026,East,Amit,Phone,15,27588,413820
9/10/2024,West,Amit,Phone,15,36709,550635
8/14/2024,South,Priya,Laptop,4,52788,211152
4/21/2024,East,Amit,Laptop,7,42019,294133
5/24/2025,East,Neha,Tablet,13,49948,649324
4/17/2025,South,Neha,Accessory,3,70133,210399
4/8/2024,East,Neha,Tablet,16,71458,1143328
6/1/2024,North,Priya,Phone,9,32526,292734
5/10/2026,North,Priya,Tablet,8,78493,627944
7/2/2026,South,Amit,Tablet,13,57198,743574
6/14/2026,West,Sneha,Tablet,17,48395,822715
5/27/2026,West,Sneha,Tablet,17,29031,493527
12/3/2024,South,Priya,Accessory,17,42701,725917
12/6/2025,South,Amit,Accessory,1,30939,30939
4/1/2026,North,Sneha,Laptop,8,54145,433160
6/11/2024,West,Amit,Phone,19,25324,481156
12/20/2025,East,Amit,Tablet,6,27867,167202
8/14/2026,North,Amit,Laptop,3,5203,15609
11/11/2025,South,Karan,Laptop,5,21544,107720
9/22/2026,West,Neha,Laptop,13,20899,271687
6/9/2024,East,Amit,Accessory,15,34063,510945
8/2/2025,East,Karan,Tablet,14,8748,122472
3/11/2026,North,Priya,Tablet,16,71629,1146064
2/1/2025,West,Sneha,Phone,18,25884,465912
10/3/2024,West,Neha,Tablet,11,30183,332013
3/26/2026,South,Sneha,Tablet,3,76246,228738
7/4/2026,West,Neha,Laptop,10,24259,242590
5/18/2025,West,Sneha,Phone,10,40959,409590
6/14/2026,North,Neha,Tablet,16,38457,615312
1/26/2025,West,Sneha,Accessory,12,7103,85236
5/14/2024,East,Sneha,Tablet,2,70901,141802
7/13/2024,North,Sneha,Laptop,9,49535,445815
2/4/2025,North,Sneha,Accessory,3,21103,63309
10/1/2025,South,Priya,Laptop,15,17391,260865
2/2/2024,West,Amit,Tablet,3,33901,101703
11/18/2025,South,Rahul,Accessory,19,72914,1385366
4/4/2025,East,Karan,Phone,18,55357,996426
8/12/2026,North,Rahul,Phone,8,43437,347496
6/1/2026,North,Rahul,Accessory,17,40503,688551
4/14/2025,North,Neha,Accessory,8,46258,370064
1/9/2025,East,Amit,Laptop,7,38724,271068
1/22/2024,East,Neha,Accessory,7,69286,485002
1/19/2026,South,Amit,Laptop,3,79842,239526
10/31/2025,South,Amit,Tablet,1,19908,19908
2/7/2024,South,Sneha,Laptop,4,55626,222504
8/17/2024,West,Priya,Accessory,5,42228,211140
12/30/2024,North,Sneha,Accessory,1,28386,28386
7/16/2025,North,Priya,Tablet,15,51754,776310
3/13/2025,South,Neha,Accessory,5,33302,166510
2/14/2026,North,Priya,Accessory,13,65815,855595
10/9/2024,South,Neha,Phone,8,68344,546752
1/27/2024,West,Rahul,Phone,8,40618,324944
8/13/2024,West,Rahul,Tablet,5,66114,330570
10/3/2024,East,Priya,Laptop,9,75130,676170
3/8/2026,West,Priya,Phone,1,30525,30525
8/31/2025,South,Neha,Laptop,4,19334,77336
10/10/2024,West,Sneha,Accessory,3,67767,203301
5/28/2026,East,Neha,Phone,2,11644,23288
8/17/2026,North,Sneha,Tablet,8,37933,303464
4/25/2025,South,Rahul,Tablet,9,48469,436221
3/28/2025,North,Amit,Tablet,2,38687,77374
4/8/2026,East,Priya,Phone,14,57656,807184
3/26/2026,East,Sneha,Laptop,14,22375,313250
10/20/2025,East,Neha,Accessory,4,70206,280824
5/30/2025,North,Rahul,Laptop,6,41607,249642
6/30/2025,North,Sneha,Laptop,11,28993,318923
7/10/2024,North,Neha,Accessory,3,49386,148158
2/18/2024,North,Priya,Accessory,8,51287,410296
5/26/2025,East,Priya,Phone,3,76196,228588
1/17/2024,East,Karan,Phone,14,75014,1050196
6/20/2024,South,Amit,Phone,13,13210,171730
8/7/2024,South,Karan,Phone,13,15922,206986
6/6/2024,North,Rahul,Phone,2,41289,82578
4/21/2025,West,Sneha,Accessory,13,38340,498420
2/15/2024,West,Rahul,Laptop,19,44850,852150
1/7/2025,East,Neha,Phone,6,61984,371904
6/1/2025,East,Priya,Phone,16,16094,257504
4/8/2024,East,Karan,Laptop,2,38418,76836
6/10/2026,South,Karan,Phone,8,10741,85928
1/14/2026,South,Karan,Laptop,17,77374,1315358
2/6/2024,East,Rahul,Laptop,2,73798,147596
10/6/2024,East,Priya,Accessory,10,75532,755320
12/14/2024,East,Sneha,Tablet,16,27164,434624
5/11/2025,West,Neha,Accessory,6,40595,243570
10/28/2024,South,Sneha,Tablet,2,35257,70514
6/29/2024,West,Rahul,Tablet,2,19211,38422
8/29/2025,West,Neha,Tablet,13,10232,133016
4/8/2024,East,Karan,Phone,15,72753,1091295
11/30/2025,East,Amit,Accessory,2,57691,115382
9/19/2026,North,Rahul,Tablet,7,30613,214291
4/25/2024,North,Rahul,Laptop,3,19026,57078
7/9/2024,West,Priya,Phone,8,58535,468280
9/9/2024,South,Sneha,Accessory,14,35908,502712
9/7/2026,East,Rahul,Tablet,7,57113,399791
7/16/2026,East,Rahul,Laptop,7,24610,172270
9/9/2026,West,Karan,Accessory,1,51646,51646
6/9/2024,North,Karan,Accessory,17,68185,1159145
9/12/2024,South,Neha,Phone,9,77567,698103
11/18/2024,North,Amit,Accessory,13,52574,683462
5/7/2024,North,Priya,Phone,19,41182,782458
1/18/2024,North,Amit,Tablet,19,5570,105830
3/3/2026,North,Neha,Phone,17,24288,412896
1/4/2026,East,Karan,Laptop,10,34877,348770
7/19/2025,East,Sneha,Phone,10,5917,59170
7/23/2025,North,Karan,Laptop,4,69575,278300
11/18/2024,South,Priya,Phone,8,77518,620144
5/21/2026,West,Karan,Accessory,18,44104,793872
11/16/2025,South,Priya,Tablet,14,23062,322868
3/2/2026,South,Priya,Laptop,18,21999,395982
9/17/2025,South,Priya,Phone,14,66845,935830
10/14/2024,North,Neha,Phone,15,14941,224115
7/31/2026,East,Priya,Phone,4,66169,264676
5/3/2026,South,Priya,Accessory,13,28470,370110
10/24/2025,North,Sneha,Accessory,8,64821,518568
8/19/2026,South,Amit,Laptop,18,49435,889830
9/30/2025,South,Rahul,Laptop,12,9529,114348
6/3/2024,North,Amit,Accessory,14,17192,240688
5/4/2025,East,Priya,Laptop,2,79102,158204
1/20/2025,East,Sneha,Tablet,18,77762,1399716
9/12/2026,West,Karan,Tablet,2,39087,78174
2/23/2026,North,Sneha,Accessory,11,71677,788447
4/13/2024,West,Priya,Laptop,9,9627,86643
7/17/2026,West,Sneha,Phone,12,61541,738492
1/27/2025,West,Sneha,Tablet,17,73226,1244842
3/21/2026,East,Priya,Accessory,15,8255,123825
9/2/2024,North,Neha,Laptop,17,62433,1061361
6/24/2024,West,Sneha,Accessory,18,10213,183834
2/8/2024,North,Rahul,Phone,6,24404,146424
4/21/2025,North,Rahul,Tablet,17,30380,516460
11/12/2025,East,Sneha,Accessory,18,24173,435114
1/28/2026,West,Neha,Accessory,8,58027,464216
6/21/2025,West,Karan,Accessory,9,28989,260901
5/16/2026,North,Priya,Phone,6,29519,177114
3/28/2026,South,Rahul,Accessory,5,27439,137195
7/9/2026,East,Karan,Phone,12,19995,239940
2/11/2025,East,Sneha,Phone,11,28559,314149
6/8/2025,East,Karan,Phone,1,10021,10021
4/7/2026,East,Amit,Tablet,11,26119,287309
5/20/2025,West,Rahul,Tablet,19,56539,1074241
6/21/2026,West,Sneha,Accessory,9,44350,399150
4/4/2026,South,Priya,Accessory,2,51223,102446
2/5/2024,East,Neha,Tablet,12,30517,366204
11/15/2025,East,Sneha,Laptop,4,27250,109000
1/20/2024,North,Priya,Tablet,4,71798,287192
11/16/2024,West,Neha,Phone,18,59199,1065582
2/14/2026,East,Neha,Tablet,15,64546,968190
5/26/2025,South,Sneha,Phone,19,8327,158213
2/3/2025,South,Karan,Accessory,13,34768,451984
10/15/2025,West,Karan,Laptop,19,69418,1318942
8/29/2026,South,Neha,Accessory,17,47788,812396
6/1/2026,South,Karan,Phone,6,51830,310980
4/15/2025,West,Amit,Phone,16,57446,919136
5/22/2024,East,Neha,Phone,12,20160,241920
4/1/2024,East,Neha,Laptop,19,61583,1170077
12/19/2024,South,Priya,Tablet,5,38998,194990
4/13/2026,South,Karan,Accessory,17,32230,547910
3/10/2026,East,Neha,Accessory,1,14076,14076
12/27/2025,West,Amit,Tablet,10,74341,743410
8/16/2026,South,Priya,Accessory,15,36085,541275
5/3/2026,North,Sneha,Laptop,11,60571,666281
2/20/2024,West,Neha,Accessory,13,19715,256295
10/26/2025,South,Amit,Phone,5,10750,53750
11/28/2025,South,Rahul,Tablet,1,40903,40903
7/28/2025,North,Amit,Laptop,12,77489,929868
7/8/2024,North,Amit,Tablet,11,37093,408023
5/4/2024,East,Priya,Laptop,17,39314,668338
5/29/2024,West,Sneha,Phone,4,53225,212900
11/9/2024,West,Rahul,Tablet,15,40179,602685
7/23/2025,East,Karan,Accessory,9,30338,273042
12/7/2024,West,Karan,Laptop,19,74681,1418939
10/31/2024,West,Amit,Tablet,19,37101,704919
11/22/2025,West,Priya,Accessory,12,7775,93300
11/12/2025,West,Priya,Tablet,5,50619,253095
4/17/2026,West,Karan,Tablet,10,50838,508380
2/21/2026,North,Rahul,Tablet,17,24539,417163
2/23/2024,West,Sneha,Laptop,5,62124,310620
3/19/2025,North,Rahul,Accessory,16,70149,1122384
9/4/2025,West,Neha,Phone,7,31616,221312
9/19/2026,East,Neha,Laptop,9,59567,536103
9/20/2024,South,Sneha,Laptop,3,42099,126297
2/22/2024,North,Karan,Laptop,15,66799,1001985
7/25/2025,West,Sneha,Phone,16,30479,487664
9/11/2025,East,Priya,Accessory,18,51172,921096
1/5/2024,South,Neha,Accessory,14,60863,852082
4/12/2024,North,Amit,Accessory,3,47043,141129
7/14/2024,South,Amit,Tablet,12,20408,244896
2/12/2026,East,Karan,Tablet,9,62980,566820
5/26/2026,North,Priya,Tablet,7,21351,149457
9/18/2026,South,Rahul,Phone,9,9131,82179
6/2/2026,West,Priya,Tablet,13,49825,647725
12/15/2024,North,Amit,Phone,18,16349,294282
2/16/2024,South,Amit,Accessory,5,65931,329655
5/16/2026,East,Neha,Tablet,13,49254,640302
4/2/2026,East,Priya,Tablet,4,43225,172900
7/24/2026,North,Priya,Laptop,2,17453,34906
3/30/2026,South,Amit,Phone,16,23814,381024
10/17/2025,North,Rahul,Accessory,9,23263,209367
9/25/2024,North,Karan,Laptop,9,20735,186615
1/4/2025,South,Karan,Laptop,6,20830,124980
9/27/2025,South,Priya,Accessory,11,52893,581823
4/15/2024,West,Karan,Laptop,1,49673,49673
10/31/2025,South,Amit,Phone,4,50066,200264
10/20/2025,East,Amit,Phone,13,8373,108849
10/18/2025,North,Priya,Tablet,13,15335,199355
4/29/2024,North,Priya,Laptop,13,28741,373633
4/10/2026,East,Neha,Tablet,2,15692,31384
2/25/2026,South,Priya,Laptop,9,52295,470655
8/26/2025,East,Rahul,Phone,8,50541,404328
2/27/2024,East,Karan,Phone,7,39057,273399
8/8/2026,West,Priya,Phone,4,71983,287932
12/11/2024,East,Sneha,Laptop,18,24583,442494
1/10/2026,North,Neha,Phone,3,27765,83295
4/18/2025,East,Sneha,Laptop,6,64287,385722
4/26/2024,North,Amit,Tablet,12,28906,346872
4/9/2026,North,Karan,Laptop,12,51525,618300
3/1/2026,North,Priya,Tablet,8,43230,345840
5/6/2024,South,Sneha,Laptop,1,24520,24520
1/27/2025,West,Karan,Tablet,4,56934,227736
6/26/2026,North,Amit,Phone,11,30566,336226
10/2/2025,North,Rahul,Tablet,3,78193,234579
2/27/2024,South,Neha,Phone,13,35134,456742
9/25/2025,North,Karan,Phone,17,15345,260865
5/27/2025,East,Karan,Tablet,10,46185,461850
1/20/2026,East,Rahul,Laptop,12,75744,908928
3/12/2026,West,Karan,Laptop,15,38455,576825
4/5/2024,North,Amit,Accessory,10,33018,330180
9/29/2025,South,Amit,Laptop,14,59219,829066
4/27/2024,East,Rahul,Accessory,13,50991,662883
7/13/2025,South,Neha,Laptop,5,78616,393080
8/23/2025,South,Priya,Laptop,6,14486,86916
5/2/2025,East,Sneha,Phone,2,43862,87724
8/24/2024,South,Priya,Accessory,17,63870,1085790
6/3/2026,East,Karan,Laptop,4,48856,195424
6/15/2026,South,Sneha,Accessory,14,36379,509306
9/28/2024,East,Rahul,Phone,10,69729,697290
7/7/2024,North,Rahul,Phone,3,33378,100134
9/25/2026,West,Neha,Accessory,3,59353,178059
12/4/2025,East,Sneha,Phone,15,54996,824940
3/22/2025,East,Amit,Tablet,6,19031,114186
8/3/2025,West,Sneha,Tablet,17,70982,1206694
2/28/2026,East,Karan,Phone,12,41683,500196
5/10/2026,East,Amit,Tablet,11,22618,248798
9/3/2024,South,Rahul,Laptop,4,11587,46348
8/20/2026,West,Sneha,Accessory,6,67790,406740
3/16/2024,North,Priya,Laptop,1,36480,36480
6/2/2024,East,Neha,Accessory,16,25527,408432
10/17/2025,West,Priya,Phone,15,28569,428535
3/10/2025,South,Neha,Laptop,17,16151,274567
9/23/2026,North,Karan,Phone,8,76094,608752
3/26/2024,West,Priya,Phone,12,64174,770088
11/27/2025,North,Sneha,Accessory,10,49739,497390
10/11/2024,North,Sneha,Accessory,15,37954,569310
8/31/2026,North,Priya,Accessory,9,40303,362727
8/7/2024,East,Sneha,Laptop,2,39700,79400
3/9/2024,East,Karan,Tablet,5,72568,362840
2/16/2024,South,Amit,Accessory,6,71788,430728
4/3/2024,South,Karan,Accessory,7,76045,532315
1/19/2026,West,Neha,Laptop,1,42842,42842
8/15/2026,South,Karan,Accessory,7,18900,132300
3/28/2025,North,Neha,Laptop,12,6881,82572
7/22/2024,North,Sneha,Phone,16,38037,608592
6/30/2026,East,Amit,Accessory,16,6630,106080
8/5/2024,North,Sneha,Accessory,11,25789,283679
4/18/2025,West,Rahul,Phone,4,51151,204604
3/7/2025,North,Sneha,Phone,13,53920,700960
12/6/2024,North,Neha,Phone,7,72231,505617
7/4/2025,West,Sneha,Accessory,4,8262,33048
9/3/2025,South,Sneha,Tablet,15,71981,1079715
10/15/2024,South,Amit,Tablet,19,59722,1134718
9/10/2024,West,Sneha,Tablet,9,55818,502362
1/3/2026,East,Amit,Accessory,11,34932,384252
12/22/2024,North,Priya,Phone,8,11901,95208
1/23/2024,West,Rahul,Accessory,1,13597,13597
1/31/2026,North,Amit,Phone,8,68909,551272
6/5/2025,East,Neha,Accessory,13,77391,1006083
1/27/2026,North,Priya,Accessory,4,13263,53052
4/16/2026,West,Amit,Phone,8,68293,546344
4/9/2024,North,Amit,Tablet,3,30805,92415
3/12/2026,South,Rahul,Phone,9,16874,151866
6/28/2024,East,Neha,Laptop,2,19079,38158
8/10/2024,East,Karan,Laptop,2,54850,109700
6/24/2026,East,Karan,Phone,13,77779,1011127
1/31/2026,West,Amit,Accessory,15,14018,210270
10/20/2025,East,Sneha,Laptop,12,54500,654000
3/17/2025,South,Neha,Laptop,4,17100,68400
8/30/2025,West,Priya,Accessory,8,62021,496168
2/7/2026,South,Sneha,Accessory,9,24800,223200
11/20/2024,North,Sneha,Tablet,5,68400,342000
5/30/2025,North,Neha,Accessory,18,34437,619866
1/16/2024,North,Amit,Phone,11,51675,568425
3/2/2026,North,Amit,Phone,15,24942,374130
12/1/2024,South,Amit,Tablet,9,25862,232758
1/28/2026,West,Amit,Laptop,17,16669,283373
9/14/2024,West,Karan,Laptop,12,58772,705264
5/11/2025,East,Amit,Accessory,7,20916,146412
9/14/2026,South,Karan,Phone,10,15878,158780
6/14/2026,North,Karan,Laptop,10,7985,79850
6/8/2024,South,Amit,Tablet,13,78648,1022424
4/19/2025,East,Rahul,Tablet,19,46235,878465
5/1/2026,East,Priya,Phone,11,23931,263241
10/25/2025,South,Sneha,Tablet,13,5336,69368
6/26/2026,South,Karan,Tablet,8,47933,383464
11/20/2025,South,Neha,Phone,8,50536,404288
11/5/2025,West,Neha,Accessory,4,74504,298016
1/14/2025,North,Priya,Accessory,15,56148,842220
6/28/2025,South,Neha,Tablet,11,21279,234069
7/17/2026,South,Rahul,Accessory,11,73665,810315
8/14/2026,South,Neha,Accessory,1,76386,76386
11/21/2025,East,Sneha,Tablet,17,79055,1343935
3/2/2025,East,Sneha,Accessory,15,71670,1075050
9/4/2025,West,Karan,Tablet,6,59028,354168
9/24/2024,North,Amit,Laptop,15,76128,1141920
4/14/2026,West,Rahul,Phone,9,23108,207972
7/30/2025,North,Karan,Phone,14,57495,804930
2/20/2025,East,Rahul,Accessory,18,61830,1112940
6/16/2024,East,Amit,Accessory,17,79640,1353880
4/21/2026,East,Neha,Accessory,18,57509,1035162
2/12/2024,West,Neha,Phone,5,71406,357030
7/9/2025,South,Amit,Laptop,9,44519,400671
10/11/2024,South,Karan,Laptop,11,54649,601139
1/31/2025,East,Amit,Phone,1,39524,39524
1/12/2024,South,Priya,Laptop,18,38885,699930
8/29/2025,South,Sneha,Phone,6,49369,296214
10/28/2024,West,Karan,Laptop,2,35676,71352
6/16/2026,North,Rahul,Tablet,15,69093,1036395
9/9/2024,East,Priya,Tablet,14,52764,738696
5/13/2025,East,Karan,Phone,5,55799,278995
1/23/2026,West,Amit,Laptop,6,77307,463842
2/4/2024,West,Amit,Accessory,6,36923,221538
12/27/2025,South,Amit,Laptop,18,52574,946332
4/28/2026,East,Amit,Tablet,14,48391,677474
3/30/2024,North,Rahul,Tablet,10,58664,586640
2/14/2026,West,Priya,Laptop,14,72384,1013376
8/27/2025,North,Neha,Laptop,13,36027,468351
7/10/2026,North,Sneha,Accessory,3,40464,121392
8/27/2026,East,Rahul,Accessory,6,39485,236910
8/24/2025,East,Rahul,Laptop,8,24456,195648
2/21/2025,West,Neha,Laptop,12,79795,957540
4/24/2024,East,Neha,Laptop,13,40554,527202
9/8/2025,East,Sneha,Laptop,11,51922,571142
6/21/2026,East,Sneha,Phone,12,18409,220908
7/14/2024,North,Neha,Laptop,1,74327,74327
4/5/2026,West,Amit,Accessory,17,41639,707863
5/15/2025,South,Rahul,Tablet,16,68627,1098032
9/17/2025,North,Karan,Phone,11,24692,271612
5/7/2025,East,Sneha,Laptop,13,59200,769600
3/15/2024,North,Sneha,Tablet,18,62415,1123470
2/16/2025,East,Neha,Phone,11,23074,253814
1/10/2025,East,Priya,Tablet,12,20549,246588
2/23/2025,North,Karan,Laptop,6,34963,209778
12/29/2025,West,Karan,Laptop,9,57265,515385
10/3/2024,East,Sneha,Accessory,16,21061,336976
1/30/2026,West,Amit,Laptop,4,63226,252904
11/6/2025,South,Priya,Laptop,3,33810,101430
1/28/2025,East,Karan,Phone,16,65006,1040096
5/18/2026,West,Sneha,Accessory,12,27800,333600
4/1/2025,West,Karan,Phone,11,74460,819060
7/8/2026,South,Priya,Tablet,5,62767,313835
7/10/2024,West,Priya,Laptop,18,33054,594972
1/8/2026,West,Rahul,Tablet,19,50397,957543
11/19/2025,South,Neha,Phone,6,18233,109398
4/8/2024,East,Neha,Laptop,18,30068,541224
7/1/2025,West,Sneha,Laptop,6,70727,424362
9/4/2026,West,Priya,Phone,4,75453,301812
9/25/2026,West,Rahul,Phone,12,30832,369984
4/5/2024,North,Rahul,Phone,19,18682,354958
10/25/2025,South,Karan,Phone,2,28383,56766
10/24/2025,North,Karan,Phone,17,63160,1073720
7/8/2024,South,Rahul,Laptop,11,28666,315326
1/5/2026,East,Karan,Phone,11,63817,701987
2/6/2024,East,Priya,Laptop,16,39642,634272
2/18/2026,West,Amit,Laptop,2,46830,93660
1/3/2025,South,Priya,Phone,2,15234,30468
11/25/2025,East,Rahul,Phone,8,62616,500928
6/8/2025,South,Rahul,Accessory,13,14221,184873
10/5/2024,East,Priya,Laptop,10,16410,164100
8/4/2024,North,Karan,Phone,8,66413,531304
5/16/2026,East,Karan,Phone,4,6051,24204
5/22/2026,North,Neha,Phone,15,61563,923445
3/8/2026,East,Rahul,Accessory,1,49757,49757
9/29/2024,West,Sneha,Accessory,11,56257,618827
5/30/2026,North,Neha,Tablet,7,5307,37149
3/2/2024,East,Karan,Laptop,17,61889,1052113
8/18/2025,West,Priya,Tablet,18,73895,1330110
5/29/2026,North,Karan,Phone,12,40944,491328
12/29/2025,West,Priya,Accessory,9,43134,388206
12/7/2024,South,Neha,Accessory,5,32323,161615
1/31/2025,South,Rahul,Tablet,10,76762,767620
11/29/2025,North,Karan,Accessory,4,30954,123816
1/19/2024,East,Priya,Phone,5,60021,300105
6/25/2024,North,Rahul,Accessory,10,75427,754270
9/3/2025,West,Sneha,Tablet,11,9992,109912
1/30/2025,East,Priya,Phone,10,6961,69610
3/20/2025,South,Neha,Tablet,8,17497,139976
8/20/2024,East,Sneha,Accessory,2,37551,75102
7/3/2026,South,Sneha,Tablet,8,60755,486040
3/16/2024,East,Amit,Tablet,16,18255,292080
9/21/2024,East,Karan,Laptop,5,9567,47835
3/30/2025,East,Priya,Accessory,3,53847,161541
3/6/2026,West,Sneha,Accessory,12,53003,636036
12/18/2025,West,Amit,Tablet,13,25389,330057
1/4/2026,North,Neha,Laptop,13,49523,643799
1/18/2025,North,Rahul,Accessory,10,66576,665760
7/17/2025,South,Priya,Phone,4,48919,195676
4/30/2026,West,Sneha,Tablet,9,8358,75222
5/20/2025,South,Karan,Accessory,2,10698,21396
1/1/2025,North,Amit,Phone,19,71809,1364371
5/23/2024,South,Sneha,Accessory,1,60805,60805
6/3/2026,North,Karan,Phone,7,36349,254443
3/9/2024,West,Sneha,Tablet,17,55248,939216
4/8/2024,East,Priya,Accessory,3,49041,147123
1/30/2025,West,Priya,Accessory,3,36954,110862
1/25/2024,South,Priya,Laptop,3,13002,39006
8/5/2026,South,Neha,Tablet,17,74783,1271311
6/9/2026,West,Neha,Phone,7,24738,173166
4/13/2025,West,Amit,Accessory,14,15703,219842
4/28/2025,North,Priya,Accessory,17,54422,925174
7/18/2025,South,Karan,Phone,18,66899,1204182
5/30/2024,South,Sneha,Tablet,13,17392,226096
5/23/2024,West,Rahul,Laptop,18,49724,895032
7/22/2025,East,Karan,Laptop,4,37299,149196
2/8/2024,South,Neha,Accessory,1,20641,20641
4/18/2024,East,Neha,Phone,18,11305,203490
11/23/2025,West,Karan,Accessory,1,23782,23782
2/11/2024,West,Neha,Phone,13,25566,332358
7/4/2024,North,Priya,Laptop,10,72766,727660
7/23/2026,South,Amit,Tablet,11,11511,126621
2/1/2025,East,Sneha,Phone,9,31177,280593
8/10/2024,North,Amit,Laptop,9,9765,87885
9/25/2025,South,Sneha,Accessory,5,25354,126770
5/12/2024,North,Sneha,Phone,1,28929,28929
6/11/2024,West,Amit,Tablet,17,33820,574940
8/2/2024,South,Karan,Accessory,2,34523,69046
1/2/2026,North,Sneha,Accessory,13,76088,989144
8/22/2024,North,Amit,Laptop,9,71163,640467
4/22/2026,East,Sneha,Phone,4,18780,75120
10/19/2025,North,Rahul,Accessory,5,11589,57945
1/20/2026,South,Karan,Tablet,11,39812,437932
8/10/2025,South,Priya,Phone,19,50939,967841
1/9/2024,East,Sneha,Tablet,3,56493,169479
3/14/2024,South,Rahul,Accessory,12,45953,551436
8/11/2026,West,Priya,Tablet,19,70785,1344915
5/6/2025,South,Priya,Laptop,19,24309,461871
7/1/2026,South,Sneha,Tablet,13,59195,769535
9/9/2024,North,Amit,Phone,7,30901,216307
8/17/2024,North,Sneha,Tablet,15,28576,428640
6/2/2025,South,Rahul,Tablet,7,36508,255556
6/22/2024,East,Priya,Laptop,8,79711,637688
10/14/2025,North,Sneha,Tablet,5,30464,152320
6/16/2024,East,Amit,Tablet,14,65281,913934
6/18/2024,South,Sneha,Accessory,4,21260,85040
1/27/2025,South,Karan,Accessory,10,40440,404400
8/3/2026,West,Amit,Phone,15,61683,925245
3/5/2026,North,Rahul,Accessory,18,46430,835740
9/25/2025,South,Priya,Accessory,13,6987,90831
7/12/2024,West,Sneha,Accessory,8,30105,240840
5/31/2025,North,Amit,Accessory,9,18026,162234
1/29/2024,South,Karan,Laptop,16,73309,1172944
6/13/2024,South,Amit,Accessory,19,50927,967613
2/25/2025,North,Neha,Laptop,16,62535,1000560
12/4/2024,North,Karan,Laptop,7,47946,335622
10/9/2025,North,Rahul,Accessory,14,61561,861854
5/10/2025,South,Priya,Tablet,14,15377,215278
12/30/2024,South,Rahul,Laptop,4,58592,234368
4/12/2026,West,Sneha,Tablet,15,12347,185205
12/7/2024,East,Amit,Tablet,3,38776,116328
5/14/2025,North,Neha,Accessory,5,8783,43915
10/18/2025,South,Karan,Phone,1,60798,60798
5/25/2025,South,Karan,Accessory,3,9298,27894
11/22/2024,North,Amit,Phone,15,75204,1128060
8/4/2024,East,Neha,Phone,8,60161,481288
10/27/2024,North,Amit,Accessory,4,65652,262608
5/11/2024,East,Sneha,Accessory,2,39484,78968
3/14/2026,South,Rahul,Phone,10,25922,259220
3/10/2024,East,Karan,Accessory,4,39028,156112
9/8/2024,West,Sneha,Phone,3,25316,75948
2/18/2025,South,Rahul,Tablet,2,21968,43936
2/25/2026,West,Sneha,Accessory,17,35266,599522
3/20/2025,North,Neha,Tablet,13,29000,377000
5/25/2026,North,Karan,Laptop,5,19011,95055
6/30/2024,North,Amit,Tablet,9,7866,70794
6/15/2024,East,Amit,Tablet,6,10898,65388
3/31/2024,South,Rahul,Phone,5,23395,116975
12/14/2025,North,Priya,Tablet,10,44019,440190
5/7/2026,North,Neha,Accessory,8,9006,72048
6/14/2025,South,Rahul,Phone,7,39393,275751
2/8/2024,North,Priya,Laptop,7,15956,111692
5/5/2024,West,Sneha,Accessory,6,55042,330252
3/26/2025,South,Neha,Laptop,3,11078,33234
6/21/2024,South,Sneha,Tablet,19,34631,657989
10/14/2025,South,Karan,Accessory,15,67901,1018515
1/23/2026,West,Neha,Accessory,4,74497,297988
8/7/2024,South,Priya,Laptop,12,46574,558888
9/29/2025,West,Karan,Accessory,6,36417,218502
2/27/2024,South,Amit,Accessory,19,70006,1330114
10/21/2025,East,Priya,Accessory,4,44454,177816
4/20/2025,North,Rahul,Tablet,15,6587,98805
3/31/2025,East,Amit,Laptop,9,59710,537390
4/8/2026,North,Amit,Accessory,5,23816,119080
6/13/2026,West,Rahul,Phone,13,34432,447616
12/26/2024,East,Neha,Phone,18,53617,965106
7/23/2026,South,Amit,Phone,5,77373,386865
1/1/2024,North,Priya,Phone,16,39217,627472
1/21/2025,North,Karan,Tablet,19,25884,491796
8/30/2026,East,Amit,Accessory,14,10454,146356
12/13/2024,West,Priya,Laptop,16,79960,1279360
7/8/2024,East,Sneha,Accessory,15,48618,729270
5/19/2025,West,Priya,Tablet,4,67671,270684
7/9/2024,West,Karan,Phone,7,52111,364777
5/22/2025,North,Priya,Tablet,16,44613,713808
1/3/2025,East,Rahul,Accessory,8,64993,519944
2/12/2025,East,Karan,Laptop,17,13848,235416
4/3/2026,West,Neha,Tablet,16,71125,1138000
7/17/2026,East,Sneha,Laptop,10,66602,666020
7/22/2026,South,Rahul,Tablet,10,77045,770450
4/26/2024,South,Neha,Laptop,2,47222,94444
5/13/2024,East,Priya,Laptop,9,54223,488007
2/27/2024,East,Karan,Phone,17,70333,1195661
7/9/2025,West,Sneha,Laptop,11,57732,635052
11/15/2025,South,Rahul,Phone,10,54420,544200
11/2/2025,South,Neha,Accessory,17,7462,126854
6/21/2024,North,Neha,Accessory,4,14460,57840
4/8/2026,West,Sneha,Phone,16,14275,228400
3/25/2026,North,Priya,Phone,15,18269,274035
5/28/2024,South,Sneha,Tablet,5,70942,354710
3/20/2024,West,Neha,Tablet,6,77920,467520
6/4/2026,East,Amit,Tablet,17,27553,468401
7/31/2024,West,Rahul,Accessory,1,29366,29366
7/21/2024,East,Sneha,Tablet,19,49036,931684
2/2/2026,East,Neha,Laptop,4,22369,89476
8/16/2024,West,Priya,Laptop,17,16795,285515
11/6/2025,East,Neha,Tablet,9,75021,675189
8/14/2024,North,Priya,Laptop,2,73154,146308
10/20/2025,South,Sneha,Accessory,8,35143,281144
6/15/2025,East,Priya,Laptop,15,34425,516375
3/16/2025,North,Karan,Accessory,7,10368,72576
2/5/2025,East,Karan,Phone,6,9621,57726
2/16/2024,South,Karan,Phone,1,63829,63829
8/20/2024,North,Amit,Phone,15,65294,979410
10/31/2024,South,Sneha,Phone,7,19719,138033
6/9/2025,South,Neha,Laptop,17,34227,581859
5/22/2024,North,Neha,Tablet,2,12566,25132
2/18/2025,North,Amit,Laptop,9,17306,155754
5/27/2025,North,Priya,Accessory,9,58822,529398
1/7/2025,West,Amit,Laptop,13,29042,377546
7/19/2025,North,Priya,Laptop,6,20086,120516
6/4/2026,North,Priya,Accessory,6,22387,134322
9/15/2024,North,Rahul,Phone,3,32042,96126
10/17/2025,North,Neha,Phone,17,56618,962506
4/15/2025,East,Karan,Phone,17,23323,396491
8/10/2026,West,Priya,Tablet,12,23019,276228
8/28/2026,South,Rahul,Accessory,16,45863,733808
1/12/2024,North,Neha,Accessory,15,15283,229245
11/25/2024,East,Karan,Laptop,13,23279,302627
1/5/2026,East,Priya,Tablet,1,51999,51999
2/22/2026,East,Priya,Phone,17,67780,1152260
8/25/2026,South,Amit,Tablet,3,27908,83724
12/23/2024,North,Amit,Accessory,15,66584,998760
8/29/2026,West,Neha,Accessory,4,55225,220900
2/11/2025,West,Karan,Laptop,4,42952,171808
10/29/2025,East,Priya,Laptop,18,42663,767934
1/7/2025,South,Neha,Accessory,17,66381,1128477
1/8/2024,South,Neha,Phone,19,52929,1005651
5/1/2024,South,Sneha,Phone,11,14343,157773
12/13/2024,West,Amit,Tablet,3,44791,134373
11/6/2025,East,Karan,Accessory,8,34134,273072
3/30/2024,North,Priya,Accessory,14,52101,729414
10/9/2025,West,Neha,Phone,1,74443,74443
11/28/2025,East,Priya,Phone,14,62530,875420
11/11/2024,East,Sneha,Accessory,2,51799,103598
6/26/2024,North,Karan,Laptop,4,9827,39308
6/23/2025,North,Neha,Accessory,19,67653,1285407
1/1/2026,North,Priya,Accessory,6,18699,112194
5/18/2026,South,Amit,Phone,1,10313,10313
2/10/2024,North,Sneha,Phone,17,18598,316166
1/9/2026,East,Karan,Laptop,8,33807,270456
12/4/2025,North,Sneha,Laptop,19,75423,1433037
7/11/2026,East,Amit,Tablet,1,74390,74390
5/16/2025,West,Karan,Accessory,5,50226,251130
8/16/2026,South,Sneha,Phone,16,64550,1032800
5/24/2024,West,Rahul,Laptop,6,8558,51348
7/19/2024,West,Amit,Tablet,8,55113,440904
7/17/2026,East,Amit,Tablet,13,57999,753987
12/24/2025,West,Amit,Phone,16,60878,974048
4/5/2025,East,Rahul,Phone,3,41343,124029
1/1/2026,North,Rahul,Tablet,19,63219,1201161
1/21/2026,North,Priya,Laptop,12,40186,482232
7/13/2026,East,Neha,Tablet,16,41966,671456
6/27/2026,North,Sneha,Accessory,11,38769,426459
7/11/2025,South,Priya,Accessory,10,58218,582180
6/30/2025,West,Sneha,Phone,4,24229,96916
9/9/2024,South,Neha,Laptop,12,32877,394524
1/24/2025,West,Rahul,Laptop,2,63001,126002
8/16/2025,North,Neha,Accessory,19,43084,818596
6/1/2026,South,Rahul,Tablet,5,21806,109030
9/12/2024,North,Neha,Phone,8,42034,336272
12/9/2025,West,Priya,Tablet,7,45317,317219
3/25/2026,East,Karan,Tablet,14,60468,846552
7/9/2026,East,Priya,Tablet,3,24094,72282
3/25/2025,South,Sneha,Laptop,18,62796,1130328
1/10/2024,North,Priya,Accessory,16,15589,249424
4/3/2026,North,Amit,Laptop,19,62221,1182199
3/8/2026,South,Sneha,Accessory,19,6657,126483
8/29/2024,East,Neha,Phone,18,44531,801558
9/7/2024,West,Sneha,Phone,16,57227,915632
